"Reference","Qty","Value","DNP","Exclude from BOM","Exclude from Board","Footprint","Datasheet"
"BZ1","1","Buzzer","","","","adaafruitBuzzer:Adafruit_Buzzer",""
"C6","1","0.01 uF","","","","Capacitor_SMD:C_0805_2012Metric",""
"C7","1","22 uF","","","","footprints:CAP_YX_5X11_RUB",""
"C8","1","22uF","","","","footprints:CAP_YX_5X11_RUB",""
"C9","1","100nF","","","","",""
"C10,C11","2","100nF","","","","Capacitor_SMD:C_0805_2012Metric",""
"CR1","1","MBRS120T3G","","","","footprints:SDO_MBRS120T3G_OSI","MBRS120T3G"
"D1,D2,D3","3","LED","","","","LED_SMD:LED_0805_2012Metric",""
"J1","1","SW","","","","Connector_JST:JST_XH_S2B-XH-A_1x02_P2.50mm_Horizontal",""
"J2","1","BAT","","","","Connector_JST:JST_XH_S2B-XH-A_1x02_P2.50mm_Horizontal",""
"J3","1","SERVO_1","","","","Connector_JST:JST_XH_S3B-XH-A-1_1x03_P2.50mm_Horizontal",""
"J4","1","I2C GPS Connector","","","","Connector_JST:JST_XH_S4B-XH-A_1x04_P2.50mm_Horizontal",""
"J5","1","SERVO_2","","","","Connector_JST:JST_XH_S3B-XH-A-1_1x03_P2.50mm_Horizontal",""
"L1","1","22 uH","","","","footprints:IND_TAIYO_NRS8040_TAY",""
"R1,R2,R3","3","560","","","","Resistor_SMD:R_0603_1608Metric",""
"R4","1","100k","","","","Resistor_SMD:R_0603_1608Metric",""
"R5","1","78k7","","","","Resistor_SMD:R_0603_1608Metric",""
"R6,R9","2","10k","","","","Resistor_SMD:R_0603_1608Metric",""
"R7","1","1k","","","","Resistor_SMD:R_0603_1608Metric",""
"R8","1","3.3k","","","","Resistor_SMD:R_0603_1608Metric",""
"R10","1","300","","","","Resistor_SMD:R_0603_1608Metric",""
"R11","1","110","","","","Resistor_SMD:R_0603_1608Metric",""
"R12","1","280","","","","Resistor_SMD:R_0603_1608Metric",""
"Rpull1,Rpull2","2","5k1","","","","Resistor_SMD:R_0402_1005Metric",""
"Teensy4.1","1","","","","","my footprint library:teensy",""
"U2","1","NCV5171EDR2G","","","","footprints:SOIC-8_NB_ONS","NCV5171EDR2G"
"U3","1","BMI088","","","","Package_LGA:Bosch_LGA-16_4.5x3mm_P0.5mm_LayoutBorder7x1y_ClockwisePinNumbering","https://www.bosch-sensortec.com/media/boschsensortec/downloads/datasheets/bst-bmi088-ds001.pdf"
"U4","1","MS5611-01BA","","","","Package_LGA:LGA-8_3x5mm_P1.25mm","https://www.te.com/commerce/DocumentDelivery/DDEController?Action=srchrtrv&DocNm=MS5611-01BA03&DocType=Data+Sheet&DocLang=English"
